,danceability,energy,key,loudness,mode,speechiness,acousticness,instrumentalness,liveness,valence,tempo,type,id,uri,track_href,analysis_url,duration_ms,time_signature,song_title,songs_id,artist
0,0.514,0.73,1,-5.934,1,0.0598,0.00146,9.54e-05,0.0897,0.334,171.005,audio_features,0VjIjW4GlUZAMYd2vXMi3b,spotify:track:0VjIjW4GlUZAMYd2vXMi3b,https://api.spotify.com/v1/tracks/0VjIjW4GlUZAMYd2vXMi3b,https://api.spotify.com/v1/audio-analysis/0VjIjW4GlUZAMYd2vXMi3b,200040,4,Blinding Lights,0VjIjW4GlUZAMYd2vXMi3b,The Weeknd
1,0.825,0.652,1,-3.183,0,0.0802,0.581,0.0,0.0931,0.931,95.977,audio_features,7qiZfU4dY1lWllzX7mPBI3,spotify:track:7qiZfU4dY1lWllzX7mPBI3,https://api.spotify.com/v1/tracks/7qiZfU4dY1lWllzX7mPBI3,https://api.spotify.com/v1/audio-analysis/7qiZfU4dY1lWllzX7mPBI3,233713,4,Shape of You,7qiZfU4dY1lWllzX7mPBI3,Ed Sheeran
2,0.824,0.588,6,-6.4,0,0.0924,0.692,0.000104,0.149,0.513,98.027,audio_features,2XU0oxnq2qxCpomAAuJY8K,spotify:track:2XU0oxnq2qxCpomAAuJY8K,https://api.spotify.com/v1/tracks/2XU0oxnq2qxCpomAAuJY8K,https://api.spotify.com/v1/audio-analysis/2XU0oxnq2qxCpomAAuJY8K,209438,4,Dance Monkey,2XU0oxnq2qxCpomAAuJY8K,Tones And I
3,0.501,0.405,1,-5.679,1,0.0319,0.751,0.0,0.105,0.446,109.891,audio_features,7qEHsqek33rTcFNT9PFqLf,spotify:track:7qEHsqek33rTcFNT9PFqLf,https://api.spotify.com/v1/tracks/7qEHsqek33rTcFNT9PFqLf,https://api.spotify.com/v1/audio-analysis/7qEHsqek33rTcFNT9PFqLf,182161,4,Someone You Loved,7qEHsqek33rTcFNT9PFqLf,Lewis Capaldi
4,0.76,0.479,2,-5.574,1,0.0466,0.556,0.0,0.0703,0.913,89.911,audio_features,3KkXRkHbMCARz0aVfEt68P,spotify:track:3KkXRkHbMCARz0aVfEt68P,https://api.spotify.com/v1/tracks/3KkXRkHbMCARz0aVfEt68P,https://api.spotify.com/v1/audio-analysis/3KkXRkHbMCARz0aVfEt68P,158040,4,Sunflower - Spider-Man: Into the Spider-Verse,3KkXRkHbMCARz0aVfEt68P,Post Malone
5,0.577,0.522,5,-6.594,0,0.0984,0.13,9.03e-05,0.142,0.119,159.772,audio_features,7wGoVu4Dady5GV0Sv4UIsx,spotify:track:7wGoVu4Dady5GV0Sv4UIsx,https://api.spotify.com/v1/tracks/7wGoVu4Dady5GV0Sv4UIsx,https://api.spotify.com/v1/audio-analysis/7wGoVu4Dady5GV0Sv4UIsx,218320,4,rockstar,7wGoVu4Dady5GV0Sv4UIsx,Post Malone
6,0.791,0.619,1,-5.886,1,0.0532,0.00784,0.00423,0.351,0.371,103.989,audio_features,1xznGGDReH1oQq0xzbwXa3,spotify:track:1xznGGDReH1oQq0xzbwXa3,https://api.spotify.com/v1/tracks/1xznGGDReH1oQq0xzbwXa3,https://api.spotify.com/v1/audio-analysis/1xznGGDReH1oQq0xzbwXa3,173987,4,One Dance,1xznGGDReH1oQq0xzbwXa3,Drake
7,0.591,0.764,1,-5.484,1,0.0483,0.0383,0.0,0.103,0.478,169.928,audio_features,5PjdY0CKGZdEuoNab3yDmX,spotify:track:5PjdY0CKGZdEuoNab3yDmX,https://api.spotify.com/v1/tracks/5PjdY0CKGZdEuoNab3yDmX,https://api.spotify.com/v1/audio-analysis/5PjdY0CKGZdEuoNab3yDmX,141806,4,STAY (with Justin Bieber),5PjdY0CKGZdEuoNab3yDmX,The Kid LAROI
8,0.748,0.524,8,-5.599,1,0.0338,0.414,0.0,0.111,0.661,95.01,audio_features,7BKLCZ1jbUBVqRi2FVlTVw,spotify:track:7BKLCZ1jbUBVqRi2FVlTVw,https://api.spotify.com/v1/tracks/7BKLCZ1jbUBVqRi2FVlTVw,https://api.spotify.com/v1/audio-analysis/7BKLCZ1jbUBVqRi2FVlTVw,244960,4,Closer,7BKLCZ1jbUBVqRi2FVlTVw,The Chainsmokers
9,0.779,0.787,10,-4.305,0,0.108,0.0524,0.0,0.14,0.708,124.982,audio_features,0CcQNd8CINkwQfe1RDtGV6,spotify:track:0CcQNd8CINkwQfe1RDtGV6,https://api.spotify.com/v1/tracks/0CcQNd8CINkwQfe1RDtGV6,https://api.spotify.com/v1/audio-analysis/0CcQNd8CINkwQfe1RDtGV6,204347,4,Believer,0CcQNd8CINkwQfe1RDtGV6,Imagine Dragons
10,0.599,0.448,8,-6.312,1,0.0232,0.163,0.0,0.106,0.168,95.05,audio_features,0tgVpDi06FyKpA1z0VMD4v,spotify:track:0tgVpDi06FyKpA1z0VMD4v,https://api.spotify.com/v1/tracks/0tgVpDi06FyKpA1z0VMD4v,https://api.spotify.com/v1/audio-analysis/0tgVpDi06FyKpA1z0VMD4v,263400,3,Perfect,0tgVpDi06FyKpA1z0VMD4v,Ed Sheeran
11,0.761,0.525,11,-6.9,1,0.0944,0.44,6.7e-06,0.0921,0.531,80.87,audio_features,6CDzDgIUqeDY5g8ujExx2f,spotify:track:6CDzDgIUqeDY5g8ujExx2f,https://api.spotify.com/v1/tracks/6CDzDgIUqeDY5g8ujExx2f,https://api.spotify.com/v1/audio-analysis/6CDzDgIUqeDY5g8ujExx2f,238805,4,Heat Waves,6CDzDgIUqeDY5g8ujExx2f,Glass Animals
12,0.681,0.594,7,-7.028,1,0.282,0.165,3.49e-06,0.134,0.535,186.054,audio_features,5aAx2yezTd8zXrkmtKl66Z,spotify:track:5aAx2yezTd8zXrkmtKl66Z,https://api.spotify.com/v1/tracks/5aAx2yezTd8zXrkmtKl66Z,https://api.spotify.com/v1/audio-analysis/5aAx2yezTd8zXrkmtKl66Z,230453,4,Starboy,5aAx2yezTd8zXrkmtKl66Z,The Weeknd
13,0.759,0.54,9,-6.039,0,0.0287,0.037,0.0,0.0945,0.75,116.947,audio_features,0TK2YIli7K1leLovkQiNik,spotify:track:0TK2YIli7K1leLovkQiNik,https://api.spotify.com/v1/tracks/0TK2YIli7K1leLovkQiNik,https://api.spotify.com/v1/audio-analysis/0TK2YIli7K1leLovkQiNik,190960,4,Señorita,0TK2YIli7K1leLovkQiNik,Shawn Mendes
14,0.469,0.759,2,-5.521,0,0.0686,0.315,0.0,0.0791,0.478,119.797,audio_features,4TBI04hpXlALnJ5ILWdCE5,spotify:track:4TBI04hpXlALnJ5ILWdCE5,https://api.spotify.com/v1/tracks/4TBI04hpXlALnJ5ILWdCE5,https://api.spotify.com/v1/audio-analysis/4TBI04hpXlALnJ5ILWdCE5,187816,4,Indestructible,4TBI04hpXlALnJ5ILWdCE5,Shab
15,0.52,0.731,6,-5.338,0,0.0557,0.342,0.00101,0.311,0.662,173.93,audio_features,4Dvkj6JhhA12EX05fT7y2e,spotify:track:4Dvkj6JhhA12EX05fT7y2e,https://api.spotify.com/v1/tracks/4Dvkj6JhhA12EX05fT7y2e,https://api.spotify.com/v1/audio-analysis/4Dvkj6JhhA12EX05fT7y2e,167303,4,As It Was,4Dvkj6JhhA12EX05fT7y2e,Harry Styles
16,0.358,0.557,10,-7.398,1,0.059,0.695,0.0,0.0902,0.494,85.043,audio_features,5uCax9HTNlzGybIStD3vDh,spotify:track:5uCax9HTNlzGybIStD3vDh,https://api.spotify.com/v1/tracks/5uCax9HTNlzGybIStD3vDh,https://api.spotify.com/v1/audio-analysis/5uCax9HTNlzGybIStD3vDh,211467,4,Say You Won't Let Go,5uCax9HTNlzGybIStD3vDh,James Arthur
17,0.533,0.802,5,-6.837,0,0.0295,0.000569,0.465,0.331,0.601,103.081,audio_features,4QJmlInAGzQEwqXKRq9zcH,spotify:track:4QJmlInAGzQEwqXKRq9zcH,https://api.spotify.com/v1/tracks/4QJmlInAGzQEwqXKRq9zcH,https://api.spotify.com/v1/audio-analysis/4QJmlInAGzQEwqXKRq9zcH,249453,4,But Anyways,4QJmlInAGzQEwqXKRq9zcH,The Hourglass Effect
18,0.351,0.296,4,-10.109,0,0.0333,0.934,0.0,0.095,0.12,115.284,audio_features,0u2P5u6lvoDfwTYjAADbn4,spotify:track:0u2P5u6lvoDfwTYjAADbn4,https://api.spotify.com/v1/tracks/0u2P5u6lvoDfwTYjAADbn4,https://api.spotify.com/v1/audio-analysis/0u2P5u6lvoDfwTYjAADbn4,200186,4,lovely (with Khalid),0u2P5u6lvoDfwTYjAADbn4,Billie Eilish
19,0.701,0.425,7,-10.965,1,0.375,0.328,0.13,0.1,0.562,135.128,audio_features,2Fxmhks0bxGSBdJ92vM42m,spotify:track:2Fxmhks0bxGSBdJ92vM42m,https://api.spotify.com/v1/tracks/2Fxmhks0bxGSBdJ92vM42m,https://api.spotify.com/v1/audio-analysis/2Fxmhks0bxGSBdJ92vM42m,194088,4,bad guy,2Fxmhks0bxGSBdJ92vM42m,Billie Eilish
20,0.548,0.816,0,-4.209,1,0.0465,0.122,0.0,0.335,0.557,95.39,audio_features,6UelLqGlWMcVH1E5c4H7lY,spotify:track:6UelLqGlWMcVH1E5c4H7lY,https://api.spotify.com/v1/tracks/6UelLqGlWMcVH1E5c4H7lY,https://api.spotify.com/v1/audio-analysis/6UelLqGlWMcVH1E5c4H7lY,174000,4,Watermelon Sugar,6UelLqGlWMcVH1E5c4H7lY,Harry Styles
21,0.793,0.793,11,-4.521,0,0.083,0.0123,0.0,0.0951,0.679,123.95,audio_features,3PfIrDoz19wz7qK7tYeu62,spotify:track:3PfIrDoz19wz7qK7tYeu62,https://api.spotify.com/v1/tracks/3PfIrDoz19wz7qK7tYeu62,https://api.spotify.com/v1/audio-analysis/3PfIrDoz19wz7qK7tYeu62,183290,4,Don't Start Now,3PfIrDoz19wz7qK7tYeu62,Dua Lipa
22,0.485,0.484,10,-11.173,1,0.0381,0.357,0.0,0.101,0.0648,107.064,audio_features,6bTCYuHDrkcNT4jojgkIT6,spotify:track:6bTCYuHDrkcNT4jojgkIT6,https://api.spotify.com/v1/tracks/6bTCYuHDrkcNT4jojgkIT6,https://api.spotify.com/v1/audio-analysis/6bTCYuHDrkcNT4jojgkIT6,146916,4,godsend,6bTCYuHDrkcNT4jojgkIT6,hurt season
23,0.511,0.566,6,-7.23,0,0.2,0.349,0.0,0.34,0.218,83.903,audio_features,285pBltuF7vW8TeWk8hdRR,spotify:track:285pBltuF7vW8TeWk8hdRR,https://api.spotify.com/v1/tracks/285pBltuF7vW8TeWk8hdRR,https://api.spotify.com/v1/audio-analysis/285pBltuF7vW8TeWk8hdRR,239836,4,Lucid Dreams,285pBltuF7vW8TeWk8hdRR,Juice WRLD
24,0.781,0.445,2,-6.061,1,0.0295,0.474,0.0,0.184,0.591,78.998,audio_features,34gCuhDGsG4bRPIf9bb02f,spotify:track:34gCuhDGsG4bRPIf9bb02f,https://api.spotify.com/v1/tracks/34gCuhDGsG4bRPIf9bb02f,https://api.spotify.com/v1/audio-analysis/34gCuhDGsG4bRPIf9bb02f,281560,4,Thinking out Loud,34gCuhDGsG4bRPIf9bb02f,Ed Sheeran
25,0.612,0.807,10,-2.81,1,0.0336,0.0495,0.0177,0.101,0.398,124.053,audio_features,2QjOHCTQ1Jl3zawyYOpxh6,spotify:track:2QjOHCTQ1Jl3zawyYOpxh6,https://api.spotify.com/v1/tracks/2QjOHCTQ1Jl3zawyYOpxh6,https://api.spotify.com/v1/audio-analysis/2QjOHCTQ1Jl3zawyYOpxh6,240400,4,Sweater Weather,2QjOHCTQ1Jl3zawyYOpxh6,The Neighbourhood
26,0.517,0.571,1,-7.502,0,0.124,0.074,0.0,0.0982,0.428,144.745,audio_features,7qAwnjc2qPbpK1gB4VRwXW,spotify:track:7qAwnjc2qPbpK1gB4VRwXW,https://api.spotify.com/v1/tracks/7qAwnjc2qPbpK1gB4VRwXW,https://api.spotify.com/v1/audio-analysis/7qAwnjc2qPbpK1gB4VRwXW,173379,4,I Remember (feat. Roddy Ricch & Kodak Black),7qAwnjc2qPbpK1gB4VRwXW,Internet Money
27,0.755,0.448,7,-9.587,1,0.107,0.0283,3.28e-05,0.514,0.318,77.179,audio_features,6T8cJz5lAqGer9GUHGyelE,spotify:track:6T8cJz5lAqGer9GUHGyelE,https://api.spotify.com/v1/tracks/6T8cJz5lAqGer9GUHGyelE,https://api.spotify.com/v1/audio-analysis/6T8cJz5lAqGer9GUHGyelE,198960,4,God's Plan,6T8cJz5lAqGer9GUHGyelE,Drake
28,0.614,0.379,4,-10.48,1,0.0476,0.607,0.000464,0.0986,0.201,107.989,audio_features,1HNkqx9Ahdgi1Ixy2xkKkL,spotify:track:1HNkqx9Ahdgi1Ixy2xkKkL,https://api.spotify.com/v1/tracks/1HNkqx9Ahdgi1Ixy2xkKkL,https://api.spotify.com/v1/audio-analysis/1HNkqx9Ahdgi1Ixy2xkKkL,258987,4,Photograph,1HNkqx9Ahdgi1Ixy2xkKkL,Ed Sheeran
29,0.635,0.796,1,-7.916,1,0.347,0.28,0.00137,0.172,0.728,120.028,audio_features,46CIORl7dsBbLCpUSD4iWd,spotify:track:46CIORl7dsBbLCpUSD4iWd,https://api.spotify.com/v1/tracks/46CIORl7dsBbLCpUSD4iWd,https://api.spotify.com/v1/audio-analysis/46CIORl7dsBbLCpUSD4iWd,170000,4,FRUTA,46CIORl7dsBbLCpUSD4iWd,ALE ALAS
30,0.617,0.635,11,-6.769,0,0.0317,0.0498,1.44e-05,0.164,0.446,103.019,audio_features,6RUKPb4LETWmmr3iAEQktW,spotify:track:6RUKPb4LETWmmr3iAEQktW,https://api.spotify.com/v1/tracks/6RUKPb4LETWmmr3iAEQktW,https://api.spotify.com/v1/audio-analysis/6RUKPb4LETWmmr3iAEQktW,247160,4,Something Just Like This,6RUKPb4LETWmmr3iAEQktW,The Chainsmokers
31,0.414,0.404,0,-9.928,0,0.0499,0.271,0.0,0.3,0.224,71.105,audio_features,4u7EnebtmKWzUH433cf5Qv,spotify:track:4u7EnebtmKWzUH433cf5Qv,https://api.spotify.com/v1/tracks/4u7EnebtmKWzUH433cf5Qv,https://api.spotify.com/v1/audio-analysis/4u7EnebtmKWzUH433cf5Qv,354320,4,Bohemian Rhapsody - Remastered 2011,4u7EnebtmKWzUH433cf5Qv,Queen
32,0.572,0.385,7,-6.362,1,0.0308,0.371,0.0,0.231,0.323,95.799,audio_features,2VxeLyX666F8uXCJ0dZF8B,spotify:track:2VxeLyX666F8uXCJ0dZF8B,https://api.spotify.com/v1/tracks/2VxeLyX666F8uXCJ0dZF8B,https://api.spotify.com/v1/audio-analysis/2VxeLyX666F8uXCJ0dZF8B,215733,4,Shallow,2VxeLyX666F8uXCJ0dZF8B,Lady Gaga
33,0.456,0.67,7,-5.212,1,0.0574,0.588,0.0,0.116,0.405,128.632,audio_features,2EiGECydkS2M8OCcRHQZhT,spotify:track:2EiGECydkS2M8OCcRHQZhT,https://api.spotify.com/v1/tracks/2EiGECydkS2M8OCcRHQZhT,https://api.spotify.com/v1/audio-analysis/2EiGECydkS2M8OCcRHQZhT,241688,4,Take Me To Church,2EiGECydkS2M8OCcRHQZhT,Hozier
34,0.745,0.719,6,-5.715,0,0.138,0.0198,0.137,0.211,0.38,132.01,audio_features,7AM5O2SgDyuY8uq0zmbcvA,spotify:track:7AM5O2SgDyuY8uq0zmbcvA,https://api.spotify.com/v1/tracks/7AM5O2SgDyuY8uq0zmbcvA,https://api.spotify.com/v1/audio-analysis/7AM5O2SgDyuY8uq0zmbcvA,162694,4,Anna,7AM5O2SgDyuY8uq0zmbcvA,Rawdolff
35,0.695,0.762,0,-3.497,1,0.0395,0.192,0.00244,0.0863,0.553,120.042,audio_features,21jGcNKet2qwijlDFuPiPb,spotify:track:21jGcNKet2qwijlDFuPiPb,https://api.spotify.com/v1/tracks/21jGcNKet2qwijlDFuPiPb,https://api.spotify.com/v1/audio-analysis/21jGcNKet2qwijlDFuPiPb,215280,4,Circles,21jGcNKet2qwijlDFuPiPb,Post Malone
36,0.609,0.378,4,-9.828,1,0.438,0.835,0.0,0.28,0.515,100.418,audio_features,3hB5DgAiMAQ4DzYbsMq1IT,spotify:track:3hB5DgAiMAQ4DzYbsMq1IT,https://api.spotify.com/v1/tracks/3hB5DgAiMAQ4DzYbsMq1IT,https://api.spotify.com/v1/audio-analysis/3hB5DgAiMAQ4DzYbsMq1IT,233720,4,Love Yourself,3hB5DgAiMAQ4DzYbsMq1IT,Justin Bieber
37,0.422,0.264,8,-7.064,1,0.0322,0.922,0.0,0.132,0.331,119.93,audio_features,3U4isOIWM3VvDubwSI3y7a,spotify:track:3U4isOIWM3VvDubwSI3y7a,https://api.spotify.com/v1/tracks/3U4isOIWM3VvDubwSI3y7a,https://api.spotify.com/v1/audio-analysis/3U4isOIWM3VvDubwSI3y7a,269560,4,All of Me,3U4isOIWM3VvDubwSI3y7a,John Legend
38,0.74,0.613,8,-4.88,1,0.145,0.258,0.00372,0.123,0.473,75.023,audio_features,3ee8Jmje8o58CHK66QrVC2,spotify:track:3ee8Jmje8o58CHK66QrVC2,https://api.spotify.com/v1/tracks/3ee8Jmje8o58CHK66QrVC2,https://api.spotify.com/v1/audio-analysis/3ee8Jmje8o58CHK66QrVC2,166606,4,SAD!,3ee8Jmje8o58CHK66QrVC2,XXXTENTACION
39,0.6,0.81,0,-4.749,1,0.0479,0.00683,0.21,0.155,0.298,167.88,audio_features,0tKcYR2II1VCQWT79i5NrW,spotify:track:0tKcYR2II1VCQWT79i5NrW,https://api.spotify.com/v1/tracks/0tKcYR2II1VCQWT79i5NrW,https://api.spotify.com/v1/audio-analysis/0tKcYR2II1VCQWT79i5NrW,187147,4,Thunder,0tKcYR2II1VCQWT79i5NrW,Imagine Dragons
40,0.753,0.834,6,-7.558,0,0.0376,0.0177,0.0,0.585,0.574,125.027,audio_features,3fPRkI4T7MJ9eP6ATO8jo8,spotify:track:3fPRkI4T7MJ9eP6ATO8jo8,https://api.spotify.com/v1/tracks/3fPRkI4T7MJ9eP6ATO8jo8,https://api.spotify.com/v1/audio-analysis/3fPRkI4T7MJ9eP6ATO8jo8,162240,4,Sarà perché ti amo,3fPRkI4T7MJ9eP6ATO8jo8,Jerry Wallis
41,0.778,0.317,1,-10.732,0,0.334,0.592,0.0,0.0881,0.327,140.048,audio_features,6ocbgoVGwYJhOv1GgI9NsF,spotify:track:6ocbgoVGwYJhOv1GgI9NsF,https://api.spotify.com/v1/tracks/6ocbgoVGwYJhOv1GgI9NsF,https://api.spotify.com/v1/audio-analysis/6ocbgoVGwYJhOv1GgI9NsF,178627,4,7 rings,6ocbgoVGwYJhOv1GgI9NsF,Ariana Grande
42,0.841,0.728,7,-3.37,1,0.0484,0.0847,0.0,0.149,0.43,130.049,audio_features,6gBFPUFcJLzWGx4lenP6h2,spotify:track:6gBFPUFcJLzWGx4lenP6h2,https://api.spotify.com/v1/tracks/6gBFPUFcJLzWGx4lenP6h2,https://api.spotify.com/v1/audio-analysis/6gBFPUFcJLzWGx4lenP6h2,243837,4,goosebumps,6gBFPUFcJLzWGx4lenP6h2,Travis Scott
43,0.662,0.71,1,-4.945,0,0.0364,0.0603,0.0,0.119,0.465,121.979,audio_features,5edBgVtRD0fvWk140Sl21T,spotify:track:5edBgVtRD0fvWk140Sl21T,https://api.spotify.com/v1/tracks/5edBgVtRD0fvWk140Sl21T,https://api.spotify.com/v1/audio-analysis/5edBgVtRD0fvWk140Sl21T,257267,4,Counting Stars,5edBgVtRD0fvWk140Sl21T,OneRepublic
44,0.634,0.589,9,-8.12,0,0.0277,0.0833,0.000119,0.194,0.494,117.952,audio_features,44LxZrjUpbpmVouVe70NF9,spotify:track:44LxZrjUpbpmVouVe70NF9,https://api.spotify.com/v1/tracks/44LxZrjUpbpmVouVe70NF9,https://api.spotify.com/v1/audio-analysis/44LxZrjUpbpmVouVe70NF9,220750,4,One More Kiss,44LxZrjUpbpmVouVe70NF9,The Hourglass Effect
45,0.872,0.391,0,-9.144,0,0.242,0.469,4.13e-06,0.297,0.437,134.021,audio_features,7m9OqQk4RVRkw9JJdeAw96,spotify:track:7m9OqQk4RVRkw9JJdeAw96,https://api.spotify.com/v1/tracks/7m9OqQk4RVRkw9JJdeAw96,https://api.spotify.com/v1/audio-analysis/7m9OqQk4RVRkw9JJdeAw96,119133,4,Jocelyn Flores,7m9OqQk4RVRkw9JJdeAw96,XXXTENTACION
46,0.484,0.731,1,-6.694,1,0.0379,0.431,0.0,0.151,0.51,101.654,audio_features,7yq4Qj7cqayVTp3FF9CWbm,spotify:track:7yq4Qj7cqayVTp3FF9CWbm,https://api.spotify.com/v1/tracks/7yq4Qj7cqayVTp3FF9CWbm,https://api.spotify.com/v1/audio-analysis/7yq4Qj7cqayVTp3FF9CWbm,204280,4,Riptide,7yq4Qj7cqayVTp3FF9CWbm,Vance Joy
47,0.734,0.637,4,-5.677,0,0.141,0.0462,2.29e-05,0.0602,0.648,169.977,audio_features,3CRDbSIZ4r5MsZ0YwxuEkn,spotify:track:3CRDbSIZ4r5MsZ0YwxuEkn,https://api.spotify.com/v1/tracks/3CRDbSIZ4r5MsZ0YwxuEkn,https://api.spotify.com/v1/audio-analysis/3CRDbSIZ4r5MsZ0YwxuEkn,202333,4,Stressed Out,3CRDbSIZ4r5MsZ0YwxuEkn,Twenty One Pilots
48,0.532,0.783,2,-5.697,1,0.0523,0.0038,0.0012,0.161,0.643,124.08,audio_features,6g1NlCpW7fgqDnWbCCDrHl,spotify:track:6g1NlCpW7fgqDnWbCCDrHl,https://api.spotify.com/v1/tracks/6g1NlCpW7fgqDnWbCCDrHl,https://api.spotify.com/v1/audio-analysis/6g1NlCpW7fgqDnWbCCDrHl,247427,4,Wake Me Up - Radio Edit,6g1NlCpW7fgqDnWbCCDrHl,Avicii
49,0.688,0.551,7,-8.162,1,0.0396,0.181,4.49e-05,0.0949,0.528,132.052,audio_features,5shfT3ChF7hHdWYpiEayGu,spotify:track:5shfT3ChF7hHdWYpiEayGu,https://api.spotify.com/v1/tracks/5shfT3ChF7hHdWYpiEayGu,https://api.spotify.com/v1/audio-analysis/5shfT3ChF7hHdWYpiEayGu,164318,4,Colors of Suspension,5shfT3ChF7hHdWYpiEayGu,PETER LAKE
50,0.356,0.567,0,-7.011,0,0.0798,0.0861,0.0,0.137,0.109,135.553,audio_features,25khomWgBVamSdKw7hzm3l,spotify:track:25khomWgBVamSdKw7hzm3l,https://api.spotify.com/v1/tracks/25khomWgBVamSdKw7hzm3l,https://api.spotify.com/v1/audio-analysis/25khomWgBVamSdKw7hzm3l,242253,5,The Hills,25khomWgBVamSdKw7hzm3l,The Weeknd
51,0.641,0.922,2,-4.457,1,0.0786,0.0291,0.0,0.0862,0.847,146.078,audio_features,3bidbhpOYeV4knp8AIu8Xn,spotify:track:3bidbhpOYeV4knp8AIu8Xn,https://api.spotify.com/v1/tracks/3bidbhpOYeV4knp8AIu8Xn,https://api.spotify.com/v1/audio-analysis/3bidbhpOYeV4knp8AIu8Xn,258343,4,Can't Hold Us (feat. Ray Dalton),3bidbhpOYeV4knp8AIu8Xn,Macklemore & Ryan Lewis
52,0.732,0.75,11,-6.366,0,0.231,0.00264,0.0,0.109,0.401,155.096,audio_features,7GX5flRQZVHRAGd6B4TmDO,spotify:track:7GX5flRQZVHRAGd6B4TmDO,https://api.spotify.com/v1/tracks/7GX5flRQZVHRAGd6B4TmDO,https://api.spotify.com/v1/audio-analysis/7GX5flRQZVHRAGd6B4TmDO,182707,4,XO Tour Llif3,7GX5flRQZVHRAGd6B4TmDO,Lil Uzi Vert
53,0.765,0.523,2,-4.333,1,0.03,0.184,3.56e-05,0.132,0.394,104.988,audio_features,1rfofaqEpACxVEHIZBJe6W,spotify:track:1rfofaqEpACxVEHIZBJe6W,https://api.spotify.com/v1/tracks/1rfofaqEpACxVEHIZBJe6W,https://api.spotify.com/v1/audio-analysis/1rfofaqEpACxVEHIZBJe6W,217307,4,Havana (feat. Young Thug),1rfofaqEpACxVEHIZBJe6W,Camila Cabello
54,0.672,0.771,4,-7.073,0,0.267,0.224,0.0,0.118,0.674,185.959,audio_features,5HBNLnWjoaYZsEfL5vB8uE,spotify:track:5HBNLnWjoaYZsEfL5vB8uE,https://api.spotify.com/v1/tracks/5HBNLnWjoaYZsEfL5vB8uE,https://api.spotify.com/v1/audio-analysis/5HBNLnWjoaYZsEfL5vB8uE,239256,4,As Long As You're Mine,5HBNLnWjoaYZsEfL5vB8uE,Shacko & Akim
55,0.906,0.625,1,-6.779,0,0.0903,0.000243,3.23e-05,0.0975,0.423,150.018,audio_features,7ujx3NYtwO2LkmKGz59mXp,spotify:track:7ujx3NYtwO2LkmKGz59mXp,https://api.spotify.com/v1/tracks/7ujx3NYtwO2LkmKGz59mXp,https://api.spotify.com/v1/audio-analysis/7ujx3NYtwO2LkmKGz59mXp,177000,4,HUMBLE.,7ujx3NYtwO2LkmKGz59mXp,Kendrick Lamar
56,0.509,0.538,7,-7.335,1,0.0572,0.385,0.0,0.104,0.244,75.089,audio_features,7DFNE7NO0raLIUbgzY2rzm,spotify:track:7DFNE7NO0raLIUbgzY2rzm,https://api.spotify.com/v1/tracks/7DFNE7NO0raLIUbgzY2rzm,https://api.spotify.com/v1/audio-analysis/7DFNE7NO0raLIUbgzY2rzm,252867,4,Let Her Go,7DFNE7NO0raLIUbgzY2rzm,Passenger
57,0.762,0.7,9,-6.021,0,0.0694,0.00261,1.56e-05,0.153,0.608,116.073,audio_features,2ekn2ttSfGqwhhate0LSR0,spotify:track:2ekn2ttSfGqwhhate0LSR0,https://api.spotify.com/v1/tracks/2ekn2ttSfGqwhhate0LSR0,https://api.spotify.com/v1/audio-analysis/2ekn2ttSfGqwhhate0LSR0,209320,4,New Rules,2ekn2ttSfGqwhhate0LSR0,Dua Lipa
58,0.687,0.792,5,-2.749,1,0.0452,0.191,0.0,0.167,0.671,100.015,audio_features,2dpaYNEQHiRxtZbfNsse99,spotify:track:2dpaYNEQHiRxtZbfNsse99,https://api.spotify.com/v1/tracks/2dpaYNEQHiRxtZbfNsse99,https://api.spotify.com/v1/audio-analysis/2dpaYNEQHiRxtZbfNsse99,214290,4,Happier,2dpaYNEQHiRxtZbfNsse99,Marshmello
59,0.757,0.601,5,-5.668,0,0.242,0.297,0.0,0.0999,0.559,103.949,audio_features,7JuJatesyPFuNMhhmzfpzJ,spotify:track:7JuJatesyPFuNMhhmzfpzJ,https://api.spotify.com/v1/tracks/7JuJatesyPFuNMhhmzfpzJ,https://api.spotify.com/v1/audio-analysis/7JuJatesyPFuNMhhmzfpzJ,130962,4,Vibez & Party,7JuJatesyPFuNMhhmzfpzJ,Bori
60,0.791,0.862,9,-3.24,0,0.11,0.037,2.19e-05,0.0814,0.592,123.994,audio_features,7ef4DlsgrMEH11cDZd32M6,spotify:track:7ef4DlsgrMEH11cDZd32M6,https://api.spotify.com/v1/tracks/7ef4DlsgrMEH11cDZd32M6,https://api.spotify.com/v1/audio-analysis/7ef4DlsgrMEH11cDZd32M6,214847,4,One Kiss (with Dua Lipa),7ef4DlsgrMEH11cDZd32M6,Calvin Harris
61,0.769,0.682,2,-10.708,1,0.156,0.107,1.57e-06,0.272,0.639,111.0,audio_features,70XolGrBRceC6TZ0E2NAwv,spotify:track:70XolGrBRceC6TZ0E2NAwv,https://api.spotify.com/v1/tracks/70XolGrBRceC6TZ0E2NAwv,https://api.spotify.com/v1/audio-analysis/70XolGrBRceC6TZ0E2NAwv,214089,4,Sweat,70XolGrBRceC6TZ0E2NAwv,Aston Merrygold 
62,0.834,0.73,8,-3.714,1,0.222,0.00513,0.0,0.124,0.446,155.008,audio_features,2xLMifQCjDGFmkHkpNLD9h,spotify:track:2xLMifQCjDGFmkHkpNLD9h,https://api.spotify.com/v1/tracks/2xLMifQCjDGFmkHkpNLD9h,https://api.spotify.com/v1/audio-analysis/2xLMifQCjDGFmkHkpNLD9h,312820,4,SICKO MODE,2xLMifQCjDGFmkHkpNLD9h,Travis Scott
63,0.563,0.664,9,-5.044,1,0.154,0.335,0.0,0.0849,0.688,166.928,audio_features,4ZtFanR9U6ndgddUvNcjcG,spotify:track:4ZtFanR9U6ndgddUvNcjcG,https://api.spotify.com/v1/tracks/4ZtFanR9U6ndgddUvNcjcG,https://api.spotify.com/v1/audio-analysis/4ZtFanR9U6ndgddUvNcjcG,178147,4,good 4 u,4ZtFanR9U6ndgddUvNcjcG,Olivia Rodrigo
64,0.649,0.716,8,-5.371,1,0.0349,0.0863,2.63e-05,0.135,0.163,99.988,audio_features,0lYBSQXN6rCTvUZvg9S0lU,spotify:track:0lYBSQXN6rCTvUZvg9S0lU,https://api.spotify.com/v1/tracks/0lYBSQXN6rCTvUZvg9S0lU,https://api.spotify.com/v1/audio-analysis/0lYBSQXN6rCTvUZvg9S0lU,205947,4,Let Me Love You,0lYBSQXN6rCTvUZvg9S0lU,DJ Snake
65,0.561,0.431,10,-8.81,1,0.0578,0.768,1.42e-05,0.106,0.137,143.875,audio_features,5wANPM4fQCJwkGd4rN57mH,spotify:track:5wANPM4fQCJwkGd4rN57mH,https://api.spotify.com/v1/tracks/5wANPM4fQCJwkGd4rN57mH,https://api.spotify.com/v1/audio-analysis/5wANPM4fQCJwkGd4rN57mH,242013,4,drivers license,5wANPM4fQCJwkGd4rN57mH,Olivia Rodrigo
66,0.654,0.76,0,-3.669,0,0.045,0.0797,0.0,0.299,0.41,99.945,audio_features,69bp2EbF7Q2rqc5N3ylezZ,spotify:track:69bp2EbF7Q2rqc5N3ylezZ,https://api.spotify.com/v1/tracks/69bp2EbF7Q2rqc5N3ylezZ,https://api.spotify.com/v1/audio-analysis/69bp2EbF7Q2rqc5N3ylezZ,200787,4,Sorry,69bp2EbF7Q2rqc5N3ylezZ,Justin Bieber
67,0.448,0.818,10,-4.038,0,0.34,0.131,0.0,0.11,0.768,82.885,audio_features,3FlSyheHttoFTqcN7Hhif8,spotify:track:3FlSyheHttoFTqcN7Hhif8,https://api.spotify.com/v1/tracks/3FlSyheHttoFTqcN7Hhif8,https://api.spotify.com/v1/audio-analysis/3FlSyheHttoFTqcN7Hhif8,187973,4,Treat You Better,3FlSyheHttoFTqcN7Hhif8,Shawn Mendes
68,0.327,0.71,3,-2.928,1,0.0547,0.202,9e-05,0.28,0.416,179.561,audio_features,2Oehrcv4Kov0SuIgWyQY9e,spotify:track:2Oehrcv4Kov0SuIgWyQY9e,https://api.spotify.com/v1/tracks/2Oehrcv4Kov0SuIgWyQY9e,https://api.spotify.com/v1/audio-analysis/2Oehrcv4Kov0SuIgWyQY9e,175200,4,Demons,2Oehrcv4Kov0SuIgWyQY9e,Imagine Dragons
69,0.689,0.735,2,-4.545,1,0.267,0.00922,0.00072,0.365,0.059,171.403,audio_features,7MJQ9Nfxzh8LPZ9e9u68Fq,spotify:track:7MJQ9Nfxzh8LPZ9e9u68Fq,https://api.spotify.com/v1/tracks/7MJQ9Nfxzh8LPZ9e9u68Fq,https://api.spotify.com/v1/audio-analysis/7MJQ9Nfxzh8LPZ9e9u68Fq,320627,4,Lose Yourself,7MJQ9Nfxzh8LPZ9e9u68Fq,Eminem
70,0.414,0.419,0,-6.431,1,0.0388,0.55,0.000195,0.11,0.18,84.082,audio_features,2whoe0pPKh4JRn6eWSIqTV,spotify:track:2whoe0pPKh4JRn6eWSIqTV,https://api.spotify.com/v1/tracks/2whoe0pPKh4JRn6eWSIqTV,https://api.spotify.com/v1/audio-analysis/2whoe0pPKh4JRn6eWSIqTV,172724,4,Stay With Me,2whoe0pPKh4JRn6eWSIqTV,Sam Smith
71,0.741,0.691,10,-7.395,0,0.0672,0.0221,0.0,0.0476,0.892,150.087,audio_features,5Z9KJZvQzH6PFmb8SNkxuk,spotify:track:5Z9KJZvQzH6PFmb8SNkxuk,https://api.spotify.com/v1/tracks/5Z9KJZvQzH6PFmb8SNkxuk,https://api.spotify.com/v1/audio-analysis/5Z9KJZvQzH6PFmb8SNkxuk,212353,4,INDUSTRY BABY (feat. Jack Harlow),5Z9KJZvQzH6PFmb8SNkxuk,Lil Nas X
72,0.723,0.809,7,-3.081,0,0.0625,0.00346,0.00123,0.565,0.274,98.007,audio_features,4WjH9Bzt3kx7z8kl0awxh4,spotify:track:4WjH9Bzt3kx7z8kl0awxh4,https://api.spotify.com/v1/tracks/4WjH9Bzt3kx7z8kl0awxh4,https://api.spotify.com/v1/audio-analysis/4WjH9Bzt3kx7z8kl0awxh4,176561,4,Lean On (feat. MØ & DJ Snake),4WjH9Bzt3kx7z8kl0awxh4,Major Lazer
73,0.744,0.514,6,-6.103,1,0.0746,0.355,0.0,0.184,0.449,136.013,audio_features,6Zc5f20q7sOe1IC1c1jQvZ,spotify:track:6Zc5f20q7sOe1IC1c1jQvZ,https://api.spotify.com/v1/tracks/6Zc5f20q7sOe1IC1c1jQvZ,https://api.spotify.com/v1/audio-analysis/6Zc5f20q7sOe1IC1c1jQvZ,228816,4,Without Me (with Juice WRLD),6Zc5f20q7sOe1IC1c1jQvZ,Halsey
74,0.352,0.911,1,-5.23,1,0.0747,0.00121,0.0,0.0995,0.236,148.033,audio_features,003vvx7Niy0yvhvHt4a68B,spotify:track:003vvx7Niy0yvhvHt4a68B,https://api.spotify.com/v1/tracks/003vvx7Niy0yvhvHt4a68B,https://api.spotify.com/v1/audio-analysis/003vvx7Niy0yvhvHt4a68B,222973,4,Mr. Brightside,003vvx7Niy0yvhvHt4a68B,The Killers
75,0.77,0.724,8,-5.484,1,0.0495,0.0167,0.0107,0.353,0.898,121.975,audio_features,24Yi9hE78yPEbZ4kxyoXAI,spotify:track:24Yi9hE78yPEbZ4kxyoXAI,https://api.spotify.com/v1/tracks/24Yi9hE78yPEbZ4kxyoXAI,https://api.spotify.com/v1/audio-analysis/24Yi9hE78yPEbZ4kxyoXAI,176840,4,Roses - Imanbek Remix,24Yi9hE78yPEbZ4kxyoXAI,SAINt JHN
76,0.702,0.825,6,-3.787,0,0.0601,0.00883,0.0,0.0674,0.915,102.977,audio_features,463CkQjx2Zk1yXoBuierM9,spotify:track:463CkQjx2Zk1yXoBuierM9,https://api.spotify.com/v1/tracks/463CkQjx2Zk1yXoBuierM9,https://api.spotify.com/v1/audio-analysis/463CkQjx2Zk1yXoBuierM9,203064,4,Levitating (feat. DaBaby),463CkQjx2Zk1yXoBuierM9,Dua Lipa
77,0.68,0.578,10,-5.804,1,0.04,0.331,0.0,0.135,0.341,145.038,audio_features,7dt6x5M1jzdTEt8oCbisTK,spotify:track:7dt6x5M1jzdTEt8oCbisTK,https://api.spotify.com/v1/tracks/7dt6x5M1jzdTEt8oCbisTK,https://api.spotify.com/v1/audio-analysis/7dt6x5M1jzdTEt8oCbisTK,231267,4,Better Now,7dt6x5M1jzdTEt8oCbisTK,Post Malone
78,0.624,0.806,6,-4.271,1,0.0364,0.182,0.0,0.299,0.513,123.117,audio_features,7BzNT7knTluY0XGlpG5bxe,spotify:track:7BzNT7knTluY0XGlpG5bxe,https://api.spotify.com/v1/tracks/7BzNT7knTluY0XGlpG5bxe,https://api.spotify.com/v1/audio-analysis/7BzNT7knTluY0XGlpG5bxe,220293,4,Congratulations,7BzNT7knTluY0XGlpG5bxe,Post Malone
79,0.681,0.372,5,-8.237,1,0.0432,0.64,0.0,0.169,0.476,91.873,audio_features,1mXVgsBdtIVeCLJnSnmtdV,spotify:track:1mXVgsBdtIVeCLJnSnmtdV,https://api.spotify.com/v1/tracks/1mXVgsBdtIVeCLJnSnmtdV,https://api.spotify.com/v1/audio-analysis/1mXVgsBdtIVeCLJnSnmtdV,201000,4,Too Good At Goodbyes,1mXVgsBdtIVeCLJnSnmtdV,Sam Smith
80,0.548,0.532,5,-7.596,1,0.0323,0.186,0.000263,0.217,0.405,85.03,audio_features,5FVd6KXrgO9B3JPmC8OPst,spotify:track:5FVd6KXrgO9B3JPmC8OPst,https://api.spotify.com/v1/tracks/5FVd6KXrgO9B3JPmC8OPst,https://api.spotify.com/v1/audio-analysis/5FVd6KXrgO9B3JPmC8OPst,272394,4,Do I Wanna Know?,5FVd6KXrgO9B3JPmC8OPst,Arctic Monkeys
81,0.445,0.537,4,-8.532,0,0.04,0.695,1.65e-05,0.0944,0.131,122.769,audio_features,3JvKfv6T31zO0ini8iNItO,spotify:track:3JvKfv6T31zO0ini8iNItO,https://api.spotify.com/v1/tracks/3JvKfv6T31zO0ini8iNItO,https://api.spotify.com/v1/audio-analysis/3JvKfv6T31zO0ini8iNItO,244360,4,Another Love,3JvKfv6T31zO0ini8iNItO,Tom Odell
82,0.69,0.521,10,-8.492,0,0.339,0.324,0.0,0.0534,0.494,100.028,audio_features,68Dni7IE4VyPkTOH9mRWHr,spotify:track:68Dni7IE4VyPkTOH9mRWHr,https://api.spotify.com/v1/tracks/68Dni7IE4VyPkTOH9mRWHr,https://api.spotify.com/v1/audio-analysis/68Dni7IE4VyPkTOH9mRWHr,292799,4,No Role Modelz,68Dni7IE4VyPkTOH9mRWHr,J. Cole
83,0.468,0.627,6,-5.085,1,0.0476,0.0281,7.97e-06,0.11,0.159,179.642,audio_features,698ItKASDavgwZ3WjaWjtz,spotify:track:698ItKASDavgwZ3WjaWjtz,https://api.spotify.com/v1/tracks/698ItKASDavgwZ3WjaWjtz,https://api.spotify.com/v1/audio-analysis/698ItKASDavgwZ3WjaWjtz,212107,4,Faded,698ItKASDavgwZ3WjaWjtz,Alan Walker
84,0.856,0.609,0,-7.223,1,0.0824,0.00801,8.15e-05,0.0344,0.928,114.988,audio_features,32OlwWuMpZ6b0aN2RZOeMS,spotify:track:32OlwWuMpZ6b0aN2RZOeMS,https://api.spotify.com/v1/tracks/32OlwWuMpZ6b0aN2RZOeMS,https://api.spotify.com/v1/audio-analysis/32OlwWuMpZ6b0aN2RZOeMS,269667,4,Uptown Funk (feat. Bruno Mars),32OlwWuMpZ6b0aN2RZOeMS,Mark Ronson
85,0.731,0.573,4,-10.059,0,0.0544,0.401,5.22e-05,0.113,0.145,109.928,audio_features,47EiUVwUp4C9fGccaPuUCS,spotify:track:47EiUVwUp4C9fGccaPuUCS,https://api.spotify.com/v1/tracks/47EiUVwUp4C9fGccaPuUCS,https://api.spotify.com/v1/audio-analysis/47EiUVwUp4C9fGccaPuUCS,205090,4,DÁKITI,47EiUVwUp4C9fGccaPuUCS,Bad Bunny
86,0.775,0.327,11,-7.241,1,0.0557,0.841,0.0,0.0821,0.595,91.05,audio_features,4cktbXiXOapiLBMprHFErI,spotify:track:4cktbXiXOapiLBMprHFErI,https://api.spotify.com/v1/tracks/4cktbXiXOapiLBMprHFErI,https://api.spotify.com/v1/audio-analysis/4cktbXiXOapiLBMprHFErI,189486,4,Memories,4cktbXiXOapiLBMprHFErI,Maroon 5
87,0.663,0.713,7,-6.647,0,0.112,0.0353,7.68e-06,0.0843,0.69,101.965,audio_features,17Fd6Yb7mSbinKG8LoWfFl,spotify:track:17Fd6Yb7mSbinKG8LoWfFl,https://api.spotify.com/v1/tracks/17Fd6Yb7mSbinKG8LoWfFl,https://api.spotify.com/v1/audio-analysis/17Fd6Yb7mSbinKG8LoWfFl,197933,4,I Took A Pill In Ibiza - Seeb Remix,17Fd6Yb7mSbinKG8LoWfFl,Mike Posner
88,0.61,0.508,8,-6.682,0,0.152,0.297,0.0,0.384,0.758,178.818,audio_features,67BtfxlNbhBmCDR2L2l8qd,spotify:track:67BtfxlNbhBmCDR2L2l8qd,https://api.spotify.com/v1/tracks/67BtfxlNbhBmCDR2L2l8qd,https://api.spotify.com/v1/audio-analysis/67BtfxlNbhBmCDR2L2l8qd,137876,4,MONTERO (Call Me By Your Name),67BtfxlNbhBmCDR2L2l8qd,Lil Nas X
89,0.788,0.611,9,-6.502,1,0.132,0.107,1.9e-06,0.114,0.772,91.986,audio_features,4rm5u0dOb7eVBpsB4hsP6g,spotify:track:4rm5u0dOb7eVBpsB4hsP6g,https://api.spotify.com/v1/tracks/4rm5u0dOb7eVBpsB4hsP6g,https://api.spotify.com/v1/audio-analysis/4rm5u0dOb7eVBpsB4hsP6g,180133,4,Took My Breath Away (feat. Skye Morales),4rm5u0dOb7eVBpsB4hsP6g,Trippie Redd
90,0.532,0.869,11,-5.094,1,0.172,0.157,0.00508,0.136,0.422,159.803,audio_features,1i1fxkWeaMmKEB4T7zqbzK,spotify:track:1i1fxkWeaMmKEB4T7zqbzK,https://api.spotify.com/v1/tracks/1i1fxkWeaMmKEB4T7zqbzK,https://api.spotify.com/v1/audio-analysis/1i1fxkWeaMmKEB4T7zqbzK,208373,4,Don't Let Me Down,1i1fxkWeaMmKEB4T7zqbzK,The Chainsmokers
91,0.717,0.653,1,-5.634,1,0.0658,0.229,0.0,0.101,0.412,106.966,audio_features,3e9HZxeyfWwjeyPAMmWSSQ,spotify:track:3e9HZxeyfWwjeyPAMmWSSQ,https://api.spotify.com/v1/tracks/3e9HZxeyfWwjeyPAMmWSSQ,https://api.spotify.com/v1/audio-analysis/3e9HZxeyfWwjeyPAMmWSSQ,207320,4,"thank u, next",3e9HZxeyfWwjeyPAMmWSSQ,Ariana Grande
92,0.429,0.661,11,-7.227,1,0.0281,0.00239,0.000121,0.234,0.285,173.372,audio_features,3AJwUDP919kvQ9QcozQPxg,spotify:track:3AJwUDP919kvQ9QcozQPxg,https://api.spotify.com/v1/tracks/3AJwUDP919kvQ9QcozQPxg,https://api.spotify.com/v1/audio-analysis/3AJwUDP919kvQ9QcozQPxg,266773,4,Yellow,3AJwUDP919kvQ9QcozQPxg,Coldplay
93,0.798,0.675,6,-5.041,1,0.0442,0.0912,0.0,0.0894,0.842,101.956,audio_features,3HVWdVOQ0ZA45FuZGSfvns,spotify:track:3HVWdVOQ0ZA45FuZGSfvns,https://api.spotify.com/v1/tracks/3HVWdVOQ0ZA45FuZGSfvns,https://api.spotify.com/v1/audio-analysis/3HVWdVOQ0ZA45FuZGSfvns,219947,4,I Don't Care (with Justin Bieber),3HVWdVOQ0ZA45FuZGSfvns,Ed Sheeran & Justin Bieber
94,0.726,0.769,6,-5.043,1,0.123,0.0293,0.0101,0.104,0.733,97.985,audio_features,3B54sVLJ402zGa6Xm4YGNe,spotify:track:3B54sVLJ402zGa6Xm4YGNe,https://api.spotify.com/v1/tracks/3B54sVLJ402zGa6Xm4YGNe,https://api.spotify.com/v1/audio-analysis/3B54sVLJ402zGa6Xm4YGNe,233902,4,Unforgettable,3B54sVLJ402zGa6Xm4YGNe,French Montana
95,0.841,0.479,9,-7.696,0,0.0607,0.339,0.000227,0.0976,0.705,99.096,audio_features,3TWE0jIXNuI2DVa5Y1fKRf,spotify:track:3TWE0jIXNuI2DVa5Y1fKRf,https://api.spotify.com/v1/tracks/3TWE0jIXNuI2DVa5Y1fKRf,https://api.spotify.com/v1/audio-analysis/3TWE0jIXNuI2DVa5Y1fKRf,155152,4,BIG BOYS DON'T CRY,3TWE0jIXNuI2DVa5Y1fKRf,Noah Guy
96,0.701,0.716,7,-3.671,0,0.0361,0.174,0.0,0.324,0.732,91.007,audio_features,4jPy3l0RUwlUI9T5XHBW2m,spotify:track:4jPy3l0RUwlUI9T5XHBW2m,https://api.spotify.com/v1/tracks/4jPy3l0RUwlUI9T5XHBW2m,https://api.spotify.com/v1/audio-analysis/4jPy3l0RUwlUI9T5XHBW2m,140533,4,Mood (feat. iann dior),4jPy3l0RUwlUI9T5XHBW2m,24kGoldn
97,0.866,0.813,11,-4.063,0,0.0554,0.38,0.0,0.0779,0.969,121.998,audio_features,7JJmb5XwzOO8jgpou264Ml,spotify:track:7JJmb5XwzOO8jgpou264Ml,https://api.spotify.com/v1/tracks/7JJmb5XwzOO8jgpou264Ml,https://api.spotify.com/v1/audio-analysis/7JJmb5XwzOO8jgpou264Ml,199440,4,There's Nothing Holdin' Me Back,7JJmb5XwzOO8jgpou264Ml,Shawn Mendes
98,0.375,0.893,2,-4.097,1,0.0406,0.000509,0.0,0.187,0.434,174.323,audio_features,7ygpwy2qP3NbrxVkHvUhXY,spotify:track:7ygpwy2qP3NbrxVkHvUhXY,https://api.spotify.com/v1/tracks/7ygpwy2qP3NbrxVkHvUhXY,https://api.spotify.com/v1/audio-analysis/7ygpwy2qP3NbrxVkHvUhXY,258773,4,Wonderwall - Remastered,7ygpwy2qP3NbrxVkHvUhXY,Oasis
99,0.746,0.765,6,-4.41,0,0.0993,0.0112,0.0,0.0936,0.737,114.044,audio_features,5QDLhrAOJJdNAmCTJ8xMyW,spotify:track:5QDLhrAOJJdNAmCTJ8xMyW,https://api.spotify.com/v1/tracks/5QDLhrAOJJdNAmCTJ8xMyW,https://api.spotify.com/v1/audio-analysis/5QDLhrAOJJdNAmCTJ8xMyW,199054,4,Dynamite,5QDLhrAOJJdNAmCTJ8xMyW,BTS
0,0.587,0.299,8,-7.365,1,0.0263,0.779,0.0,0.123,0.356,94.992,audio_features,1bhUWB0zJMIKr9yVPrkEuI,spotify:track:1bhUWB0zJMIKr9yVPrkEuI,https://api.spotify.com/v1/tracks/1bhUWB0zJMIKr9yVPrkEuI,https://api.spotify.com/v1/audio-analysis/1bhUWB0zJMIKr9yVPrkEuI,259550,3,Perfect Duet (Ed Sheeran & Beyoncé),1bhUWB0zJMIKr9yVPrkEuI,Ed Sheeran
1,0.501,0.405,1,-5.679,1,0.0319,0.751,0.0,0.105,0.446,109.891,audio_features,7qEHsqek33rTcFNT9PFqLf,spotify:track:7qEHsqek33rTcFNT9PFqLf,https://api.spotify.com/v1/tracks/7qEHsqek33rTcFNT9PFqLf,https://api.spotify.com/v1/audio-analysis/7qEHsqek33rTcFNT9PFqLf,182161,4,Someone You Loved,7qEHsqek33rTcFNT9PFqLf,Lewis Capaldi
2,0.554,0.321,9,-8.251,1,0.028,0.893,0.0,0.0996,0.288,135.047,audio_features,6QPKYGnAW9QozVz2dSWqRg,spotify:track:6QPKYGnAW9QozVz2dSWqRg,https://api.spotify.com/v1/tracks/6QPKYGnAW9QozVz2dSWqRg,https://api.spotify.com/v1/audio-analysis/6QPKYGnAW9QozVz2dSWqRg,285240,4,Someone Like You,6QPKYGnAW9QozVz2dSWqRg,Adele
3,0.558,0.451,9,-6.163,1,0.0388,0.292,0.0,0.101,0.238,150.008,audio_features,76eBb8heDKtUg68WiKX9j1,spotify:track:76eBb8heDKtUg68WiKX9j1,https://api.spotify.com/v1/tracks/76eBb8heDKtUg68WiKX9j1,https://api.spotify.com/v1/audio-analysis/76eBb8heDKtUg68WiKX9j1,265382,4,Take Me Home,76eBb8heDKtUg68WiKX9j1,Jess Glynne
4,0.302,0.655,9,-5.325,1,0.035,0.166,0.0,0.117,0.271,104.918,audio_features,65QUgRcwZuYhJjgCQKeAqG,spotify:track:65QUgRcwZuYhJjgCQKeAqG,https://api.spotify.com/v1/tracks/65QUgRcwZuYhJjgCQKeAqG,https://api.spotify.com/v1/audio-analysis/65QUgRcwZuYhJjgCQKeAqG,251280,3,The Writer,65QUgRcwZuYhJjgCQKeAqG,Ellie Goulding
5,0.682,0.175,1,-8.688,1,0.0313,0.847,3.21e-05,0.101,0.223,112.661,audio_features,2TmLZLv57mW4OA3Il1ULsf,spotify:track:2TmLZLv57mW4OA3Il1ULsf,https://api.spotify.com/v1/tracks/2TmLZLv57mW4OA3Il1ULsf,https://api.spotify.com/v1/audio-analysis/2TmLZLv57mW4OA3Il1ULsf,260004,4,Dancing On My Own,2TmLZLv57mW4OA3Il1ULsf,Calum Scott
6,0.581,0.263,0,-10.411,1,0.032,0.819,0.0,0.0808,0.229,125.004,audio_features,0Mq0reDcNpgmQkjHfzpJrp,spotify:track:0Mq0reDcNpgmQkjHfzpJrp,https://api.spotify.com/v1/tracks/0Mq0reDcNpgmQkjHfzpJrp,https://api.spotify.com/v1/audio-analysis/0Mq0reDcNpgmQkjHfzpJrp,168587,4,Yours,0Mq0reDcNpgmQkjHfzpJrp,Ella Henderson
7,0.453,0.233,7,-8.154,1,0.0356,0.919,0.00139,0.109,0.229,129.618,audio_features,7JogKto8cNNBqz3dZERgDh,spotify:track:7JogKto8cNNBqz3dZERgDh,https://api.spotify.com/v1/tracks/7JogKto8cNNBqz3dZERgDh,https://api.spotify.com/v1/audio-analysis/7JogKto8cNNBqz3dZERgDh,221133,4,Clown,7JogKto8cNNBqz3dZERgDh,Emeli Sandé
8,0.407,0.147,2,-8.822,1,0.0355,0.857,2.89e-06,0.0913,0.0765,141.284,audio_features,6Vc5wAMmXdKIAM7WUoEb7N,spotify:track:6Vc5wAMmXdKIAM7WUoEb7N,https://api.spotify.com/v1/tracks/6Vc5wAMmXdKIAM7WUoEb7N,https://api.spotify.com/v1/audio-analysis/6Vc5wAMmXdKIAM7WUoEb7N,229400,3,Say Something,6Vc5wAMmXdKIAM7WUoEb7N,A Great Big World
9,0.421,0.407,10,-7.445,1,0.0267,0.309,0.000961,0.11,0.161,139.028,audio_features,6z5Yh7kOKeLjqIsNdokIpU,spotify:track:6z5Yh7kOKeLjqIsNdokIpU,https://api.spotify.com/v1/tracks/6z5Yh7kOKeLjqIsNdokIpU,https://api.spotify.com/v1/audio-analysis/6z5Yh7kOKeLjqIsNdokIpU,285120,3,A Thousand Years,6z5Yh7kOKeLjqIsNdokIpU,Christina Perri
10,0.563,0.506,2,-6.514,1,0.0364,0.206,0.0,0.103,0.232,84.01,audio_features,3yQDBWaritvVf0Ir67xBhY,spotify:track:3yQDBWaritvVf0Ir67xBhY,https://api.spotify.com/v1/tracks/3yQDBWaritvVf0Ir67xBhY,https://api.spotify.com/v1/audio-analysis/3yQDBWaritvVf0Ir67xBhY,273907,4,Beneath Your Beautiful,3yQDBWaritvVf0Ir67xBhY,Labrinth
11,0.595,0.581,7,-3.359,1,0.0266,0.115,0.0,0.128,0.228,103.954,audio_features,2bLndbIx2hR0b3a5lDMaIQ,spotify:track:2bLndbIx2hR0b3a5lDMaIQ,https://api.spotify.com/v1/tracks/2bLndbIx2hR0b3a5lDMaIQ,https://api.spotify.com/v1/audio-analysis/2bLndbIx2hR0b3a5lDMaIQ,221307,4,Skyscraper,2bLndbIx2hR0b3a5lDMaIQ,Demi Lovato
12,0.539,0.643,9,-3.982,1,0.0479,0.256,0.0,0.29,0.136,92.962,audio_features,4JIo8RztBbELr2gWJ5OGK6,spotify:track:4JIo8RztBbELr2gWJ5OGK6,https://api.spotify.com/v1/tracks/4JIo8RztBbELr2gWJ5OGK6,https://api.spotify.com/v1/audio-analysis/4JIo8RztBbELr2gWJ5OGK6,249813,4,Secret Love Song (feat. Jason Derulo),4JIo8RztBbELr2gWJ5OGK6,Little Mix
13,0.609,0.378,4,-9.828,1,0.438,0.835,0.0,0.28,0.515,100.418,audio_features,3hB5DgAiMAQ4DzYbsMq1IT,spotify:track:3hB5DgAiMAQ4DzYbsMq1IT,https://api.spotify.com/v1/tracks/3hB5DgAiMAQ4DzYbsMq1IT,https://api.spotify.com/v1/audio-analysis/3hB5DgAiMAQ4DzYbsMq1IT,233720,4,Love Yourself,3hB5DgAiMAQ4DzYbsMq1IT,Justin Bieber
14,0.358,0.557,10,-7.398,1,0.059,0.695,0.0,0.0902,0.494,85.043,audio_features,5uCax9HTNlzGybIStD3vDh,spotify:track:5uCax9HTNlzGybIStD3vDh,https://api.spotify.com/v1/tracks/5uCax9HTNlzGybIStD3vDh,https://api.spotify.com/v1/audio-analysis/5uCax9HTNlzGybIStD3vDh,211467,4,Say You Won't Let Go,5uCax9HTNlzGybIStD3vDh,James Arthur
15,0.605,0.629,10,-5.051,1,0.0278,0.434,0.0,0.097,0.308,99.893,audio_features,4AFwnrH5atiJoAd5xS5QtR,spotify:track:4AFwnrH5atiJoAd5xS5QtR,https://api.spotify.com/v1/tracks/4AFwnrH5atiJoAd5xS5QtR,https://api.spotify.com/v1/audio-analysis/4AFwnrH5atiJoAd5xS5QtR,241373,4,The Man Who Can't Be Moved,4AFwnrH5atiJoAd5xS5QtR,The Script
16,0.47,0.431,5,-6.129,0,0.0342,0.329,0.0,0.0854,0.289,157.98,audio_features,4aebBr4JAihzJQR0CiIZJv,spotify:track:4aebBr4JAihzJQR0CiIZJv,https://api.spotify.com/v1/tracks/4aebBr4JAihzJQR0CiIZJv,https://api.spotify.com/v1/audio-analysis/4aebBr4JAihzJQR0CiIZJv,295502,4,Hello,4aebBr4JAihzJQR0CiIZJv,Adele
17,0.481,0.632,5,-7.056,1,0.0425,0.299,1.2e-05,0.103,0.44,147.412,audio_features,5ca1HyQ5Au4SbPeAMUeOlI,spotify:track:5ca1HyQ5Au4SbPeAMUeOlI,https://api.spotify.com/v1/tracks/5ca1HyQ5Au4SbPeAMUeOlI,https://api.spotify.com/v1/audio-analysis/5ca1HyQ5Au4SbPeAMUeOlI,209546,4,"Flashlight - From ""Pitch Perfect 2"" Soundtrack",5ca1HyQ5Au4SbPeAMUeOlI,Jessie J
18,0.448,0.817,10,-4.069,0,0.386,0.128,0.0,0.105,0.709,83.015,audio_features,1mSlftOO1dlDRXAyOE0Sbd,spotify:track:1mSlftOO1dlDRXAyOE0Sbd,https://api.spotify.com/v1/tracks/1mSlftOO1dlDRXAyOE0Sbd,https://api.spotify.com/v1/audio-analysis/1mSlftOO1dlDRXAyOE0Sbd,187973,4,Treat You Better,1mSlftOO1dlDRXAyOE0Sbd,Shawn Mendes
19,0.774,0.739,0,-4.022,1,0.0952,0.0316,5.95e-06,0.119,0.823,126.002,audio_features,6wZ8kvKP9d1MKlNFTMZrBK,spotify:track:6wZ8kvKP9d1MKlNFTMZrBK,https://api.spotify.com/v1/tracks/6wZ8kvKP9d1MKlNFTMZrBK,https://api.spotify.com/v1/audio-analysis/6wZ8kvKP9d1MKlNFTMZrBK,246240,4,Shout Out to My Ex,6wZ8kvKP9d1MKlNFTMZrBK,Little Mix
20,0.398,0.316,1,-7.031,1,0.0368,0.805,0.0,0.295,0.174,118.582,audio_features,0tV8pOpiNsKqUys0ilUcXz,spotify:track:0tV8pOpiNsKqUys0ilUcXz,https://api.spotify.com/v1/tracks/0tV8pOpiNsKqUys0ilUcXz,https://api.spotify.com/v1/audio-analysis/0tV8pOpiNsKqUys0ilUcXz,253342,4,Rise Up,0tV8pOpiNsKqUys0ilUcXz,Andra Day
21,0.599,0.733,11,-7.058,1,0.203,0.176,0.0,0.242,0.534,102.211,audio_features,2iwS33Jfev1QBiuhWVWZHY,spotify:track:2iwS33Jfev1QBiuhWVWZHY,https://api.spotify.com/v1/tracks/2iwS33Jfev1QBiuhWVWZHY,https://api.spotify.com/v1/audio-analysis/2iwS33Jfev1QBiuhWVWZHY,162583,4,i'm so tired...,2iwS33Jfev1QBiuhWVWZHY,Lauv
22,0.575,0.714,6,-5.247,1,0.0596,0.395,0.0,0.115,0.32,144.982,audio_features,47Bg6IrMed1GPbxRgwH2aC,spotify:track:47Bg6IrMed1GPbxRgwH2aC,https://api.spotify.com/v1/tracks/47Bg6IrMed1GPbxRgwH2aC,https://api.spotify.com/v1/audio-analysis/47Bg6IrMed1GPbxRgwH2aC,262231,4,Best Friend,47Bg6IrMed1GPbxRgwH2aC,Rex Orange County
23,0.756,0.609,3,-7.927,1,0.0544,0.217,0.00482,0.0959,0.537,117.024,audio_features,5EYi2rH4LYs6M21ZLOyQTx,spotify:track:5EYi2rH4LYs6M21ZLOyQTx,https://api.spotify.com/v1/tracks/5EYi2rH4LYs6M21ZLOyQTx,https://api.spotify.com/v1/audio-analysis/5EYi2rH4LYs6M21ZLOyQTx,155720,4,Loving Is Easy (feat. Benny Sings),5EYi2rH4LYs6M21ZLOyQTx,Rex Orange County
24,0.771,0.671,2,-5.617,1,0.0553,0.00929,0.0,0.0637,0.714,85.026,audio_features,6RRNNciQGZEXnqk8SQ9yv5,spotify:track:6RRNNciQGZEXnqk8SQ9yv5,https://api.spotify.com/v1/tracks/6RRNNciQGZEXnqk8SQ9yv5,https://api.spotify.com/v1/audio-analysis/6RRNNciQGZEXnqk8SQ9yv5,171360,4,You Need To Calm Down,6RRNNciQGZEXnqk8SQ9yv5,Taylor Swift
25,0.61,0.83,0,-4.105,1,0.0571,0.033,0.0,0.118,0.728,182.162,audio_features,2Rk4JlNc2TPmZe2af99d45,spotify:track:2Rk4JlNc2TPmZe2af99d45,https://api.spotify.com/v1/tracks/2Rk4JlNc2TPmZe2af99d45,https://api.spotify.com/v1/audio-analysis/2Rk4JlNc2TPmZe2af99d45,193000,4,ME! (feat. Brendon Urie of Panic! At The Disco),2Rk4JlNc2TPmZe2af99d45,Taylor Swift
26,0.755,0.522,2,-4.368,1,0.0575,0.533,0.0,0.0685,0.925,89.96,audio_features,0RiRZpuVRbi7oqRdSMwhQY,spotify:track:0RiRZpuVRbi7oqRdSMwhQY,https://api.spotify.com/v1/tracks/0RiRZpuVRbi7oqRdSMwhQY,https://api.spotify.com/v1/audio-analysis/0RiRZpuVRbi7oqRdSMwhQY,157560,4,Sunflower - Spider-Man: Into the Spider-Verse,0RiRZpuVRbi7oqRdSMwhQY,Post Malone
27,0.749,0.925,10,-5.034,1,0.227,0.241,0.0,0.52,0.641,86.989,audio_features,15JINEqzVMv3SvJTAXAKED,spotify:track:15JINEqzVMv3SvJTAXAKED,https://api.spotify.com/v1/tracks/15JINEqzVMv3SvJTAXAKED,https://api.spotify.com/v1/audio-analysis/15JINEqzVMv3SvJTAXAKED,263373,4,Love The Way You Lie,15JINEqzVMv3SvJTAXAKED,Eminem
28,0.378,0.638,10,-5.576,1,0.075,0.02,7.66e-05,0.0849,0.735,184.086,audio_features,5rgy6ghBq1eRApCkeUdJXf,spotify:track:5rgy6ghBq1eRApCkeUdJXf,https://api.spotify.com/v1/tracks/5rgy6ghBq1eRApCkeUdJXf,https://api.spotify.com/v1/audio-analysis/5rgy6ghBq1eRApCkeUdJXf,250627,4,We Are Young (feat. Janelle Monáe),5rgy6ghBq1eRApCkeUdJXf,fun.
29,0.759,0.548,9,-6.049,0,0.029,0.0392,0.0,0.0828,0.749,116.967,audio_features,6v3KW9xbzN5yKLt9YKDYA2,spotify:track:6v3KW9xbzN5yKLt9YKDYA2,https://api.spotify.com/v1/tracks/6v3KW9xbzN5yKLt9YKDYA2,https://api.spotify.com/v1/audio-analysis/6v3KW9xbzN5yKLt9YKDYA2,190800,4,Señorita,6v3KW9xbzN5yKLt9YKDYA2,Shawn Mendes
30,0.781,0.445,2,-6.061,1,0.0295,0.474,0.0,0.184,0.591,78.998,audio_features,1Slwb6dOYkBlWal1PGtnNg,spotify:track:1Slwb6dOYkBlWal1PGtnNg,https://api.spotify.com/v1/tracks/1Slwb6dOYkBlWal1PGtnNg,https://api.spotify.com/v1/audio-analysis/1Slwb6dOYkBlWal1PGtnNg,281560,4,Thinking out Loud,1Slwb6dOYkBlWal1PGtnNg,Ed Sheeran
31,0.689,0.481,10,-7.503,1,0.0815,0.369,1.03e-06,0.0649,0.283,80.025,audio_features,2JzZzZUQj3Qff7wapcbKjc,spotify:track:2JzZzZUQj3Qff7wapcbKjc,https://api.spotify.com/v1/tracks/2JzZzZUQj3Qff7wapcbKjc,https://api.spotify.com/v1/audio-analysis/2JzZzZUQj3Qff7wapcbKjc,229526,4,See You Again (feat. Charlie Puth),2JzZzZUQj3Qff7wapcbKjc,Wiz Khalifa
32,0.655,0.797,2,-4.787,1,0.153,0.198,0.0,0.067,0.839,177.928,audio_features,6habFhsOp2NvshLv26DqMb,spotify:track:6habFhsOp2NvshLv26DqMb,https://api.spotify.com/v1/tracks/6habFhsOp2NvshLv26DqMb,https://api.spotify.com/v1/audio-analysis/6habFhsOp2NvshLv26DqMb,229360,4,Despacito,6habFhsOp2NvshLv26DqMb,Luis Fonsi
33,0.628,0.698,6,-5.608,0,0.105,0.0472,0.00143,0.0907,0.732,89.976,audio_features,27SdWb2rFzO6GWiYDBTD9j,spotify:track:27SdWb2rFzO6GWiYDBTD9j,https://api.spotify.com/v1/tracks/27SdWb2rFzO6GWiYDBTD9j,https://api.spotify.com/v1/audio-analysis/27SdWb2rFzO6GWiYDBTD9j,211667,4,Cheap Thrills,27SdWb2rFzO6GWiYDBTD9j,Sia
34,0.617,0.635,11,-6.769,0,0.0317,0.0498,1.44e-05,0.164,0.446,103.019,audio_features,6RUKPb4LETWmmr3iAEQktW,spotify:track:6RUKPb4LETWmmr3iAEQktW,https://api.spotify.com/v1/tracks/6RUKPb4LETWmmr3iAEQktW,https://api.spotify.com/v1/audio-analysis/6RUKPb4LETWmmr3iAEQktW,247160,4,Something Just Like This,6RUKPb4LETWmmr3iAEQktW,The Chainsmokers
35,0.509,0.538,7,-7.335,1,0.0572,0.385,0.0,0.104,0.244,75.089,audio_features,2jyjhRf6DVbMPU5zxagN2h,spotify:track:2jyjhRf6DVbMPU5zxagN2h,https://api.spotify.com/v1/tracks/2jyjhRf6DVbMPU5zxagN2h,https://api.spotify.com/v1/audio-analysis/2jyjhRf6DVbMPU5zxagN2h,252867,4,Let Her Go,2jyjhRf6DVbMPU5zxagN2h,Passenger
36,0.399,0.787,1,-2.88,1,0.0499,0.0197,6.07e-05,0.0685,0.572,117.089,audio_features,4VrWlk8IQxevMvERoX08iC,spotify:track:4VrWlk8IQxevMvERoX08iC,https://api.spotify.com/v1/tracks/4VrWlk8IQxevMvERoX08iC,https://api.spotify.com/v1/audio-analysis/4VrWlk8IQxevMvERoX08iC,216120,5,Chandelier,4VrWlk8IQxevMvERoX08iC,Sia
37,0.755,0.837,2,-2.718,0,0.142,0.0991,0.0,0.289,0.714,120.028,audio_features,0HPD5WQqrq7wPWR7P7Dw1i,spotify:track:0HPD5WQqrq7wPWR7P7Dw1i,https://api.spotify.com/v1/tracks/0HPD5WQqrq7wPWR7P7Dw1i,https://api.spotify.com/v1/audio-analysis/0HPD5WQqrq7wPWR7P7Dw1i,199693,4,TiK ToK,0HPD5WQqrq7wPWR7P7Dw1i,Kesha
38,0.781,0.526,6,-6.985,0,0.293,0.0619,0.0,0.0457,0.662,94.992,audio_features,1CmUZGtH29Kx36C1Hleqlz,spotify:track:1CmUZGtH29Kx36C1Hleqlz,https://api.spotify.com/v1/tracks/1CmUZGtH29Kx36C1Hleqlz,https://api.spotify.com/v1/audio-analysis/1CmUZGtH29Kx36C1Hleqlz,235613,4,Thrift Shop (feat. Wanz),1CmUZGtH29Kx36C1Hleqlz,Macklemore & Ryan Lewis
39,0.752,0.644,5,-6.903,0,0.0293,0.18,0.157,0.0883,0.946,128.145,audio_features,6hI81y67DVMorZhXVL62mp,spotify:track:6hI81y67DVMorZhXVL62mp,https://api.spotify.com/v1/tracks/6hI81y67DVMorZhXVL62mp,https://api.spotify.com/v1/audio-analysis/6hI81y67DVMorZhXVL62mp,238047,4,Pumped Up Kicks,6hI81y67DVMorZhXVL62mp,Foster The People
40,0.842,0.734,1,-5.065,0,0.0588,0.0427,0.0,0.106,0.952,137.958,audio_features,4y3OI86AEP6PQoDE6olYhO,spotify:track:4y3OI86AEP6PQoDE6olYhO,https://api.spotify.com/v1/tracks/4y3OI86AEP6PQoDE6olYhO,https://api.spotify.com/v1/audio-analysis/4y3OI86AEP6PQoDE6olYhO,181040,4,Sucker,4y3OI86AEP6PQoDE6olYhO,Jonas Brothers
41,0.504,0.785,8,-4.802,1,0.104,0.0738,0.0,0.239,0.502,173.968,audio_features,1V6gIisPpYqgFeWbMLI0bA,spotify:track:1V6gIisPpYqgFeWbMLI0bA,https://api.spotify.com/v1/tracks/1V6gIisPpYqgFeWbMLI0bA,https://api.spotify.com/v1/audio-analysis/1V6gIisPpYqgFeWbMLI0bA,210840,4,Heart Attack,1V6gIisPpYqgFeWbMLI0bA,Demi Lovato
42,0.68,0.578,10,-5.804,1,0.04,0.331,0.0,0.135,0.341,145.038,audio_features,7dt6x5M1jzdTEt8oCbisTK,spotify:track:7dt6x5M1jzdTEt8oCbisTK,https://api.spotify.com/v1/tracks/7dt6x5M1jzdTEt8oCbisTK,https://api.spotify.com/v1/audio-analysis/7dt6x5M1jzdTEt8oCbisTK,231267,4,Better Now,7dt6x5M1jzdTEt8oCbisTK,Post Malone
43,0.554,0.772,7,-4.821,0,0.0418,0.00487,6.6e-06,0.354,0.455,179.984,audio_features,6F5c58TMEs1byxUstkzVeM,spotify:track:6F5c58TMEs1byxUstkzVeM,https://api.spotify.com/v1/tracks/6F5c58TMEs1byxUstkzVeM,https://api.spotify.com/v1/audio-analysis/6F5c58TMEs1byxUstkzVeM,223546,4,Roar,6F5c58TMEs1byxUstkzVeM,Katy Perry
44,0.699,0.713,9,-5.507,0,0.0594,0.04,3.11e-06,0.294,0.354,121.993,audio_features,2qT1uLXPVPzGgFOx4jtEuo,spotify:track:2qT1uLXPVPzGgFOx4jtEuo,https://api.spotify.com/v1/tracks/2qT1uLXPVPzGgFOx4jtEuo,https://api.spotify.com/v1/audio-analysis/2qT1uLXPVPzGgFOx4jtEuo,205920,4,no tears left to cry,2qT1uLXPVPzGgFOx4jtEuo,Ariana Grande
45,0.628,0.593,8,-5.036,1,0.0323,0.093,1.65e-06,0.096,0.104,125.026,audio_features,7xoUc6faLbCqZO6fQEYprd,spotify:track:7xoUc6faLbCqZO6fQEYprd,https://api.spotify.com/v1/tracks/7xoUc6faLbCqZO6fQEYprd,https://api.spotify.com/v1/audio-analysis/7xoUc6faLbCqZO6fQEYprd,197267,4,One Last Time,7xoUc6faLbCqZO6fQEYprd,Ariana Grande
46,0.553,0.586,11,-6.319,1,0.0362,0.697,0.0,0.0813,0.443,126.684,audio_features,3EPXxR3ImUwfayaurPi3cm,spotify:track:3EPXxR3ImUwfayaurPi3cm,https://api.spotify.com/v1/tracks/3EPXxR3ImUwfayaurPi3cm,https://api.spotify.com/v1/audio-analysis/3EPXxR3ImUwfayaurPi3cm,196373,4,Be Alright,3EPXxR3ImUwfayaurPi3cm,Dean Lewis
47,0.673,0.735,5,-4.733,1,0.0457,0.286,0.0,0.242,0.754,115.744,audio_features,4ofwffwvvnbSkrMSCKQDaC,spotify:track:4ofwffwvvnbSkrMSCKQDaC,https://api.spotify.com/v1/tracks/4ofwffwvvnbSkrMSCKQDaC,https://api.spotify.com/v1/audio-analysis/4ofwffwvvnbSkrMSCKQDaC,201287,4,Shotgun,4ofwffwvvnbSkrMSCKQDaC,George Ezra
48,0.494,0.951,9,-4.237,1,0.132,0.000569,0.0,0.327,0.441,160.025,audio_features,5cPO2j2p9Myq77YQVwWyrN,spotify:track:5cPO2j2p9Myq77YQVwWyrN,https://api.spotify.com/v1/tracks/5cPO2j2p9Myq77YQVwWyrN,https://api.spotify.com/v1/audio-analysis/5cPO2j2p9Myq77YQVwWyrN,202496,4,She Looks So Perfect,5cPO2j2p9Myq77YQVwWyrN,5 Seconds of Summer
49,0.63,0.53,0,-7.259,1,0.0434,0.4,0.0,0.177,0.417,108.038,audio_features,2YlZnw2ikdb837oKMKjBkW,spotify:track:2YlZnw2ikdb837oKMKjBkW,https://api.spotify.com/v1/tracks/2YlZnw2ikdb837oKMKjBkW,https://api.spotify.com/v1/audio-analysis/2YlZnw2ikdb837oKMKjBkW,225053,3,Like I'm Gonna Lose You (feat. John Legend),2YlZnw2ikdb837oKMKjBkW,Meghan Trainor
50,0.799,0.586,11,-6.735,1,0.0377,0.162,2.03e-06,0.193,0.549,120.97,audio_features,3s4U7OHV7gnj42VV72eSZ6,spotify:track:3s4U7OHV7gnj42VV72eSZ6,https://api.spotify.com/v1/tracks/3s4U7OHV7gnj42VV72eSZ6,https://api.spotify.com/v1/audio-analysis/3s4U7OHV7gnj42VV72eSZ6,227833,4,Rather Be (feat. Jess Glynne),3s4U7OHV7gnj42VV72eSZ6,Clean Bandit
51,0.635,0.841,5,-5.379,1,0.0422,0.0134,0.0,0.0622,0.424,109.021,audio_features,7BqBn9nzAq8spo5e7cZ0dJ,spotify:track:7BqBn9nzAq8spo5e7cZ0dJ,https://api.spotify.com/v1/tracks/7BqBn9nzAq8spo5e7cZ0dJ,https://api.spotify.com/v1/audio-analysis/7BqBn9nzAq8spo5e7cZ0dJ,220734,4,Just the Way You Are,7BqBn9nzAq8spo5e7cZ0dJ,Bruno Mars
52,0.652,0.749,0,-5.248,1,0.0886,0.0848,0.0,0.604,0.651,94.103,audio_features,1z6WtY7X4HQJvzxC4UgkSf,spotify:track:1z6WtY7X4HQJvzxC4UgkSf,https://api.spotify.com/v1/tracks/1z6WtY7X4HQJvzxC4UgkSf,https://api.spotify.com/v1/audio-analysis/1z6WtY7X4HQJvzxC4UgkSf,267413,4,Love On Top,1z6WtY7X4HQJvzxC4UgkSf,Beyoncé
53,0.67,0.415,8,-6.855,1,0.0786,0.39,0.0,0.0617,0.445,114.212,audio_features,0xG0SHshCStMEyNbNC5d4k,spotify:track:0xG0SHshCStMEyNbNC5d4k,https://api.spotify.com/v1/tracks/0xG0SHshCStMEyNbNC5d4k,https://api.spotify.com/v1/audio-analysis/0xG0SHshCStMEyNbNC5d4k,176320,4,Issues,0xG0SHshCStMEyNbNC5d4k,Julia Michaels
54,0.784,0.845,6,-7.204,0,0.0542,0.618,0.000312,0.14,0.96,133.503,audio_features,6hSkclvACZbNBxjey5wEJl,spotify:track:6hSkclvACZbNBxjey5wEJl,https://api.spotify.com/v1/tracks/6hSkclvACZbNBxjey5wEJl,https://api.spotify.com/v1/audio-analysis/6hSkclvACZbNBxjey5wEJl,186000,4,Skinny Genes,6hSkclvACZbNBxjey5wEJl,Eliza Doolittle
55,0.655,0.728,4,-7.274,1,0.0892,0.0217,0.0,0.325,0.705,143.03,audio_features,1kjxPdNwFKldrMVxlO7lio,spotify:track:1kjxPdNwFKldrMVxlO7lio,https://api.spotify.com/v1/tracks/1kjxPdNwFKldrMVxlO7lio,https://api.spotify.com/v1/audio-analysis/1kjxPdNwFKldrMVxlO7lio,203686,4,Hate You,1kjxPdNwFKldrMVxlO7lio,Kate Nash
56,0.783,0.58,7,-6.548,1,0.0408,0.0114,2.28e-06,0.108,0.66,120.021,audio_features,20I6sIOMTCkB6w7ryavxtO,spotify:track:20I6sIOMTCkB6w7ryavxtO,https://api.spotify.com/v1/tracks/20I6sIOMTCkB6w7ryavxtO,https://api.spotify.com/v1/audio-analysis/20I6sIOMTCkB6w7ryavxtO,193400,4,Call Me Maybe,20I6sIOMTCkB6w7ryavxtO,Carly Rae Jepsen
57,0.726,0.787,4,-2.494,1,0.0737,0.009,0.0,0.0596,0.888,124.99,audio_features,4cluDES4hQEUhmXj6TXkSo,spotify:track:4cluDES4hQEUhmXj6TXkSo,https://api.spotify.com/v1/tracks/4cluDES4hQEUhmXj6TXkSo,https://api.spotify.com/v1/audio-analysis/4cluDES4hQEUhmXj6TXkSo,199987,4,What Makes You Beautiful,4cluDES4hQEUhmXj6TXkSo,One Direction
58,0.53,0.422,5,-6.262,1,0.0342,0.407,0.0,0.107,0.349,119.964,audio_features,2vwlzO0Qp8kfEtzTsCXfyE,spotify:track:2vwlzO0Qp8kfEtzTsCXfyE,https://api.spotify.com/v1/tracks/2vwlzO0Qp8kfEtzTsCXfyE,https://api.spotify.com/v1/audio-analysis/2vwlzO0Qp8kfEtzTsCXfyE,221360,4,Wrecking Ball,2vwlzO0Qp8kfEtzTsCXfyE,Miley Cyrus
59,0.674,0.428,7,-9.504,1,0.122,0.121,0.0,0.132,0.337,84.878,audio_features,2dLLR6qlu5UJ5gk0dKz0h3,spotify:track:2dLLR6qlu5UJ5gk0dKz0h3,https://api.spotify.com/v1/tracks/2dLLR6qlu5UJ5gk0dKz0h3,https://api.spotify.com/v1/audio-analysis/2dLLR6qlu5UJ5gk0dKz0h3,190185,4,Royals,2dLLR6qlu5UJ5gk0dKz0h3,Lorde
60,0.422,0.264,8,-7.064,1,0.0322,0.922,0.0,0.132,0.331,119.93,audio_features,3U4isOIWM3VvDubwSI3y7a,spotify:track:3U4isOIWM3VvDubwSI3y7a,https://api.spotify.com/v1/tracks/3U4isOIWM3VvDubwSI3y7a,https://api.spotify.com/v1/audio-analysis/3U4isOIWM3VvDubwSI3y7a,269560,4,All of Me,3U4isOIWM3VvDubwSI3y7a,John Legend
61,0.587,0.583,5,-5.284,0,0.0313,0.248,0.0,0.124,0.15,139.92,audio_features,0gJvqi9QyASOCtJu99tytc,spotify:track:0gJvqi9QyASOCtJu99tytc,https://api.spotify.com/v1/tracks/0gJvqi9QyASOCtJu99tytc,https://api.spotify.com/v1/audio-analysis/0gJvqi9QyASOCtJu99tytc,219493,4,Because of You,0gJvqi9QyASOCtJu99tytc,Kelly Clarkson
62,0.559,0.172,10,-10.636,1,0.0291,0.907,0.000383,0.105,0.0955,77.025,audio_features,0mqTcM8kuu2IYPotMt7AzS,spotify:track:0mqTcM8kuu2IYPotMt7AzS,https://api.spotify.com/v1/tracks/0mqTcM8kuu2IYPotMt7AzS,https://api.spotify.com/v1/audio-analysis/0mqTcM8kuu2IYPotMt7AzS,212040,4,Make You Feel My Love,0mqTcM8kuu2IYPotMt7AzS,Adele
63,0.483,0.303,4,-10.058,1,0.0429,0.694,0.0,0.115,0.139,133.406,audio_features,53QF56cjZA9RTuuMZDrSA6,spotify:track:53QF56cjZA9RTuuMZDrSA6,https://api.spotify.com/v1/tracks/53QF56cjZA9RTuuMZDrSA6,https://api.spotify.com/v1/audio-analysis/53QF56cjZA9RTuuMZDrSA6,240166,3,I Won't Give Up,53QF56cjZA9RTuuMZDrSA6,Jason Mraz
64,0.439,0.153,1,-8.95,1,0.0479,0.874,0.0,0.107,0.104,116.76,audio_features,4L2K7JKseFCBoHMZEAszW0,spotify:track:4L2K7JKseFCBoHMZEAszW0,https://api.spotify.com/v1/tracks/4L2K7JKseFCBoHMZEAszW0,https://api.spotify.com/v1/audio-analysis/4L2K7JKseFCBoHMZEAszW0,287693,3,Jealous,4L2K7JKseFCBoHMZEAszW0,Labrinth
